Age,Gender,Static Income,Marital Status,Dependands,Home Owner
45,0,1967.25311,1,1,0
19,1,3587.900521,0,3,1
56,0,5110.332633,0,5,1
43,1,1188.550623,1,1,0
39,1,4704.539623,1,0,1